{"cameraMode":{"drawMode":0,"name":"Shaded","section":"Shading Mode"},"sceneLighting":true,"audioPlay":false,"sceneViewState":{"m_AlwaysRefresh":false,"showFog":true,"showSkybox":true,"showFlares":true,"showImageEffects":true,"showParticleSystems":true,"showVisualEffectGraphs":true,"m_FxEnabled":true},"in2DMode":false,"pivot":{"x":-18.839359283447267,"y":-4.310568809509277,"z":49.61732864379883},"rotation":{"x":-0.04403051733970642,"y":0.23367369174957276,"z":-0.010628709569573403,"w":-0.9712821245193481},"size":31.018245697021486,"orthographic":false}